{
    "name": "root",
    "metadata": {
        "timer_format_version": "0.1.0",
        "start_time_seconds": "1762513198",
        "python_version": "3.10.8 | packaged by conda-forge | (main, Nov 24 2022, 14:07:00) [MSC v.1916 64 bit (AMD64)]",
        "command_line_arguments": "C:\\Users\\BBBS-AI-01\\.conda\\envs\\py10\\Scripts\\mlagents-learn config/ppo_trainer.yaml --run-id=run2 --train --no-graphics",
        "mlagents_version": "0.30.0",
        "mlagents_envs_version": "0.30.0",
        "communication_protocol_version": "1.5.0",
        "pytorch_version": "2.6.0+cu124",
        "numpy_version": "1.23.5",
        "end_time_seconds": "1762513772"
    },
    "total": 574.4134753999988,
    "count": 1,
    "self": 0.00692939999862574,
    "children": {
        "run_training.setup": {
            "total": 0.07124370000019553,
            "count": 1,
            "self": 0.07124370000019553
        },
        "TrainerController.start_learning": {
            "total": 574.3353023,
            "count": 1,
            "self": 0.19213510003282863,
            "children": {
                "TrainerController._reset_env": {
                    "total": 24.880483699998877,
                    "count": 1,
                    "self": 24.880483699998877
                },
                "TrainerController.advance": {
                    "total": 549.0523560999682,
                    "count": 9299,
                    "self": 0.08439449995057657,
                    "children": {
                        "env_step": {
                            "total": 548.9679616000176,
                            "count": 9299,
                            "self": 411.16813610007375,
                            "children": {
                                "SubprocessEnvManager._take_step": {
                                    "total": 137.71098699998583,
                                    "count": 9299,
                                    "self": 0.9372257998256828,
                                    "children": {
                                        "TorchPolicy.evaluate": {
                                            "total": 136.77376120016015,
                                            "count": 18414,
                                            "self": 136.77376120016015
                                        }
                                    }
                                },
                                "workers": {
                                    "total": 0.0888384999580012,
                                    "count": 9298,
                                    "self": 0.0,
                                    "children": {
                                        "worker_root": {
                                            "total": 489.7247098999287,
                                            "count": 9298,
                                            "is_parallel": true,
                                            "self": 169.0852736999841,
                                            "children": {
                                                "steps_from_proto": {
                                                    "total": 0.010785899998154491,
                                                    "count": 2,
                                                    "is_parallel": true,
                                                    "self": 0.001896699995995732,
                                                    "children": {
                                                        "_process_rank_one_or_two_observation": {
                                                            "total": 0.00888920000215876,
                                                            "count": 16,
                                                            "is_parallel": true,
                                                            "self": 0.00888920000215876
                                                        }
                                                    }
                                                },
                                                "UnityEnvironment.step": {
                                                    "total": 320.62865029994646,
                                                    "count": 9298,
                                                    "is_parallel": true,
                                                    "self": 10.505358600048567,
                                                    "children": {
                                                        "UnityEnvironment._generate_step_input": {
                                                            "total": 2.7854499001041404,
                                                            "count": 9298,
                                                            "is_parallel": true,
                                                            "self": 2.7854499001041404
                                                        },
                                                        "communicator.exchange": {
                                                            "total": 292.63953459987897,
                                                            "count": 9298,
                                                            "is_parallel": true,
                                                            "self": 292.63953459987897
                                                        },
                                                        "steps_from_proto": {
                                                            "total": 14.69830719991478,
                                                            "count": 18596,
                                                            "is_parallel": true,
                                                            "self": 2.1438643996334577,
                                                            "children": {
                                                                "_process_rank_one_or_two_observation": {
                                                                    "total": 12.554442800281322,
                                                                    "count": 148768,
                                                                    "is_parallel": true,
                                                                    "self": 12.554442800281322
                                                                }
                                                            }
                                                        }
                                                    }
                                                }
                                            }
                                        }
                                    }
                                }
                            }
                        }
                    }
                },
                "TrainerController._save_models": {
                    "total": 0.21032740000009653,
                    "count": 1,
                    "self": 0.0017993000001297332,
                    "children": {
                        "RLTrainer._checkpoint": {
                            "total": 0.2085280999999668,
                            "count": 1,
                            "self": 0.2085280999999668
                        }
                    }
                }
            }
        }
    }
}