{
    "name": "root",
    "gauges": {
        "HideAndSeekAgent.Policy.Entropy.mean": {
            "value": 3.2105441093444824,
            "min": 3.209801435470581,
            "max": 3.2105658054351807,
            "count": 34
        },
        "HideAndSeekAgent.Policy.Entropy.sum": {
            "value": 115.57958984375,
            "min": 57.78422927856445,
            "max": 11555.28515625,
            "count": 34
        },
        "HideAndSeekAgent.Environment.SeekersMeanX.mean": {
            "value": -2.8545725544293723,
            "min": -2.9819579323132834,
            "max": 3.9274688584652417,
            "count": 36
        },
        "HideAndSeekAgent.Environment.SeekersMeanX.sum": {
            "value": -171.27435326576233,
            "min": -6090.998711372726,
            "max": 23470.553898188286,
            "count": 36
        },
        "HideAndSeekAgent.Environment.SeekersMeanZ.mean": {
            "value": 1.3613717387119928,
            "min": -2.278823296384265,
            "max": 1.3613717387119928,
            "count": 36
        },
        "HideAndSeekAgent.Environment.SeekersMeanZ.sum": {
            "value": 81.68230432271957,
            "min": -4918.337310373317,
            "max": 170.13207185268402,
            "count": 36
        },
        "HideAndSeekAgent.Environment.HidersMeanX.mean": {
            "value": 0.199892608076334,
            "min": -1.304868515534081,
            "max": 0.5542637082851596,
            "count": 36
        },
        "HideAndSeekAgent.Environment.HidersMeanX.sum": {
            "value": 11.99355648458004,
            "min": -7797.894248831668,
            "max": 1102.5027849525213,
            "count": 36
        },
        "HideAndSeekAgent.Environment.HidersMeanZ.mean": {
            "value": 0.7970777338991563,
            "min": -0.29178147464990617,
            "max": 2.122534686078628,
            "count": 36
        },
        "HideAndSeekAgent.Environment.HidersMeanZ.sum": {
            "value": 47.824664033949375,
            "min": -17.50688847899437,
            "max": 4264.31144215411,
            "count": 36
        },
        "HideAndSeekAgent.Environment.EpisodeLength.mean": {
            "value": 99.0,
            "min": 99.0,
            "max": 99.0,
            "count": 6
        },
        "HideAndSeekAgent.Environment.EpisodeLength.sum": {
            "value": 594.0,
            "min": 396.0,
            "max": 2079.0,
            "count": 6
        },
        "HideAndSeekAgent.Step.mean": {
            "value": 5700.0,
            "min": 100.0,
            "max": 5700.0,
            "count": 57
        },
        "HideAndSeekAgent.Step.sum": {
            "value": 5700.0,
            "min": 100.0,
            "max": 5700.0,
            "count": 57
        },
        "HideAndSeekAgent.Environment.TimeHidden.mean": {
            "value": 0.036666667088866234,
            "min": 0.036666667088866234,
            "max": 0.08222222390274207,
            "count": 4
        },
        "HideAndSeekAgent.Environment.TimeHidden.sum": {
            "value": 0.2200000025331974,
            "min": 0.2200000025331974,
            "max": 0.4933333434164524,
            "count": 4
        },
        "HideAndSeekAgent.Environment.HiderWinRatio.mean": {
            "value": 0.0,
            "min": 0.0,
            "max": 0.0,
            "count": 4
        },
        "HideAndSeekAgent.Environment.HiderWinRatio.sum": {
            "value": 0.0,
            "min": 0.0,
            "max": 0.0,
            "count": 4
        },
        "HideAndSeekAgent.Trajectories.AverageEpisodicReward.mean": {
            "value": 0.0,
            "min": 0.0,
            "max": 0.0,
            "count": 4
        },
        "HideAndSeekAgent.Trajectories.AverageEpisodicReward.sum": {
            "value": 0.0,
            "min": 0.0,
            "max": 0.0,
            "count": 4
        },
        "HideAndSeekAgent.Trajectories.TeamReward.mean": {
            "value": 0.0,
            "min": 0.0,
            "max": 0.0,
            "count": 4
        },
        "HideAndSeekAgent.Trajectories.TeamReward.sum": {
            "value": 0.0,
            "min": 0.0,
            "max": 0.0,
            "count": 4
        },
        "HideAndSeekAgent.Policy.ExtrinsicValueEstimate.mean": {
            "value": 0.16358593106269836,
            "min": -1.1101291179656982,
            "max": 0.7859581112861633,
            "count": 57
        },
        "HideAndSeekAgent.Policy.ExtrinsicValueEstimate.sum": {
            "value": 0.16358593106269836,
            "min": -1.1101291179656982,
            "max": 0.7859581112861633,
            "count": 57
        },
        "HideAndSeekAgent.Environment.CumulativeReward.mean": {
            "value": 0.24000000953674316,
            "min": -1.2000000476837158,
            "max": 1.192000150680542,
            "count": 57
        },
        "HideAndSeekAgent.Environment.CumulativeReward.sum": {
            "value": 0.24000000953674316,
            "min": -1.2000000476837158,
            "max": 1.192000150680542,
            "count": 57
        },
        "HideAndSeekAgent.Policy.ExtrinsicReward.mean": {
            "value": 2.240000009536743,
            "min": -3.192000150680542,
            "max": 3.192000150680542,
            "count": 57
        },
        "HideAndSeekAgent.Policy.ExtrinsicReward.sum": {
            "value": 2.240000009536743,
            "min": -3.192000150680542,
            "max": 3.192000150680542,
            "count": 57
        },
        "HideAndSeekAgent.IsTraining.mean": {
            "value": 0.0,
            "min": 0.0,
            "max": 1.0,
            "count": 57
        },
        "HideAndSeekAgent.IsTraining.sum": {
            "value": 0.0,
            "min": 0.0,
            "max": 1.0,
            "count": 57
        }
    },
    "metadata": {
        "timer_format_version": "0.1.0",
        "start_time_seconds": "1762856640",
        "python_version": "3.10.8 | packaged by conda-forge | (main, Nov 24 2022, 14:07:00) [MSC v.1916 64 bit (AMD64)]",
        "command_line_arguments": "C:\\Users\\BBBS-AI-01\\.conda\\envs\\py10\\Scripts\\mlagents-learn config/ppo_trainer.yaml --run-id=run27",
        "mlagents_version": "0.30.0",
        "mlagents_envs_version": "0.30.0",
        "communication_protocol_version": "1.5.0",
        "pytorch_version": "2.6.0+cu124",
        "numpy_version": "1.23.5",
        "end_time_seconds": "1762856676"
    },
    "total": 35.91523549996782,
    "count": 1,
    "self": 0.028866399952676147,
    "children": {
        "run_training.setup": {
            "total": 0.08858969999710098,
            "count": 1,
            "self": 0.08858969999710098
        },
        "TrainerController.start_learning": {
            "total": 35.797779400018044,
            "count": 1,
            "self": 0.45562139991670847,
            "children": {
                "TrainerController._reset_env": {
                    "total": 20.26739459997043,
                    "count": 1,
                    "self": 20.26739459997043
                },
                "TrainerController.advance": {
                    "total": 14.83351660007611,
                    "count": 215,
                    "self": 0.003912100160960108,
                    "children": {
                        "env_step": {
                            "total": 14.829604499915149,
                            "count": 215,
                            "self": 7.817750800750218,
                            "children": {
                                "SubprocessEnvManager._take_step": {
                                    "total": 7.008274399267975,
                                    "count": 215,
                                    "self": 0.040713099006097764,
                                    "children": {
                                        "TorchPolicy.evaluate": {
                                            "total": 6.9675613002618775,