{
    "name": "root",
    "metadata": {
        "timer_format_version": "0.1.0",
        "start_time_seconds": "1762516093",
        "python_version": "3.10.8 | packaged by conda-forge | (main, Nov 24 2022, 14:07:00) [MSC v.1916 64 bit (AMD64)]",
        "command_line_arguments": "C:\\Users\\BBBS-AI-01\\.conda\\envs\\py10\\Scripts\\mlagents-learn config/ppo_trainer.yaml --run-id=run6 --train --no-graphics",
        "mlagents_version": "0.30.0",
        "mlagents_envs_version": "0.30.0",
        "communication_protocol_version": "1.5.0",
        "pytorch_version": "2.6.0+cu124",
        "numpy_version": "1.23.5",
        "end_time_seconds": "1762516239"
    },
    "total": 146.4960046999986,
    "count": 1,
    "self": 0.007314400001632748,
    "children": {
        "run_training.setup": {
            "total": 0.09920349999811151,
            "count": 1,
            "self": 0.09920349999811151
        },
        "TrainerController.start_learning": {
            "total": 146.38948679999885,
            "count": 1,
            "self": 0.006692900016787462,
            "children": {
                "TrainerController._reset_env": {
                    "total": 13.207764300001145,
                    "count": 1,
                    "self": 13.207764300001145
                },
                "TrainerController.advance": {
                    "total": 133.03259049998087,
                    "count": 216,
                    "self": 0.0035618999900179915,
                    "children": {
                        "env_step": {
                            "total": 133.02902859999085,
                            "count": 216,
                            "self": 128.99729929996465,
                            "children": {
                                "SubprocessEnvManager._take_step": {
                                    "total": 4.029196000039519,
                                    "count": 216,
                                    "self": 0.039958900004421594,
                                    "children": {
                                        "TorchPolicy.evaluate": {
                                            "total": 3.9892371000350977,
                                            "count": 428,
                                            "self": 3.9892371000350977
                                        }
                                    }
                                },
                                "workers": {
                                    "total": 0.002533299986680504,
                                    "count": 215,
                                    "self": 0.0,
                                    "children": {
                                        "worker_root": {
                                            "total": 10.302903100036929,
                                            "count": 215,
                                            "is_parallel": true,
                                            "self": 6.2111770000446995,
                                            "children": {
                                                "steps_from_proto": {
                                                    "total": 0.001530499997898005,
                                                    "count": 2,
                                                    "is_parallel": true,
                                                    "self": 0.0002420999953756109,
                                                    "children": {
                                                        "_process_rank_one_or_two_observation": {
                                                            "total": 0.001288400002522394,
                                                            "count": 16,
                                                            "is_parallel": true,
                                                            "self": 0.001288400002522394
                                                        }
                                                    }
                                                },
                                                "UnityEnvironment.step": {
                                                    "total": 4.090195599994331,
                                                    "count": 215,
                                                    "is_parallel": true,
                                                    "self": 0.29199840001456323,
                                                    "children": {
                                                        "UnityEnvironment._generate_step_input": {
                                                            "total": 0.07978890001322725,
                                                            "count": 215,
                                                            "is_parallel": true,
                                                            "self": 0.07978890001322725
                                                        },
                                                        "communicator.exchange": {
                                                            "total": 3.3034924000348838,
                                                            "count": 215,
                                                            "is_parallel": true,
                                                            "self": 3.3034924000348838
                                                        },
                                                        "steps_from_proto": {
                                                            "total": 0.4149158999316569,
                                                            "count": 430,
                                                            "is_parallel": true,
                                                            "self": 0.06710169980215142,
                                                            "children": {
                                                                "_process_rank_one_or_two_observation": {
                                                                    "total": 0.3478142001295055,
                                                                    "count": 3440,
                                                                    "is_parallel": true,
                                                                    "self": 0.3478142001295055
                                                                }
                                                            }
                                                        }
                                                    }
                                                }
                                            }
                                        }
                                    }
                                }
                            }
                        }
                    }
                },
                "TrainerController._save_models": {
                    "total": 0.1424391000000469,
                    "count": 1,
                    "self": 0.0020194999997329433,
                    "children": {
                        "RLTrainer._checkpoint": {
                            "total": 0.14041960000031395,
                            "count": 1,
                            "self": 0.14041960000031395
                        }
                    }
                }
            }
        }
    }
}