{
    "name": "root",
    "metadata": {
        "timer_format_version": "0.1.0",
        "start_time_seconds": "1762511868",
        "python_version": "3.10.8 | packaged by conda-forge | (main, Nov 24 2022, 14:07:00) [MSC v.1916 64 bit (AMD64)]",
        "command_line_arguments": "C:\\Users\\BBBS-AI-01\\.conda\\envs\\py10\\Scripts\\mlagents-learn config/ppo_trainer.yaml --run-id=run1 --train --resume",
        "mlagents_version": "0.30.0",
        "mlagents_envs_version": "0.30.0",
        "communication_protocol_version": "1.5.0",
        "pytorch_version": "2.6.0+cu124",
        "numpy_version": "1.23.5",
        "end_time_seconds": "1762512074"
    },
    "total": 206.29837790000056,
    "count": 1,
    "self": 0.0072779000001901295,
    "children": {
        "run_training.setup": {
            "total": 0.07133169999906386,
            "count": 1,
            "self": 0.07133169999906386
        },
        "TrainerController.start_learning": {
            "total": 206.2197683000013,
            "count": 1,
            "self": 0.015777999984493363,
            "children": {
                "TrainerController._reset_env": {
                    "total": 17.86735530000078,
                    "count": 1,
                    "self": 17.86735530000078
                },
                "TrainerController.advance": {
                    "total": 188.14516980001645,
                    "count": 572,
                    "self": 0.0073954000072262716,
                    "children": {
                        "env_step": {
                            "total": 188.13777440000922,
                            "count": 572,
                            "self": 179.0551491999613,
                            "children": {
                                "SubprocessEnvManager._take_step": {
                                    "total": 9.075814800029548,
                                    "count": 572,
                                    "self": 0.07494110003062815,
                                    "children": {
                                        "TorchPolicy.evaluate": {
                                            "total": 9.00087369999892,
                                            "count": 1134,
                                            "self": 9.00087369999892
                                        }
                                    }
                                },
                                "workers": {
                                    "total": 0.006810400018366636,
                                    "count": 571,
                                    "self": 0.0,
                                    "children": {
                                        "worker_root": {
                                            "total": 112.06777189999957,
                                            "count": 571,
                                            "is_parallel": true,
                                            "self": 14.564573799991194,
                                            "children": {
                                                "steps_from_proto": {
                                                    "total": 0.005012999999962631,
                                                    "count": 2,
                                                    "is_parallel": true,
                                                    "self": 0.0007740000019111903,
                                                    "children": {
                                                        "_process_rank_one_or_two_observation": {
                                                            "total": 0.00423899999805144,
                                                            "count": 16,
                                                            "is_parallel": true,
                                                            "self": 0.00423899999805144
                                                        }
                                                    }
                                                },
                                                "UnityEnvironment.step": {
                                                    "total": 97.49818510000841,
                                                    "count": 571,
                                                    "is_parallel": true,
                                                    "self": 0.8850790000324196,
                                                    "children": {
                                                        "UnityEnvironment._generate_step_input": {
                                                            "total": 0.2676499999961379,
                                                            "count": 571,
                                                            "is_parallel": true,
                                                            "self": 0.2676499999961379
                                                        },
                                                        "communicator.exchange": {
                                                            "total": 95.1536688000233,
                                                            "count": 571,
                                                            "is_parallel": true,
                                                            "self": 95.1536688000233
                                                        },
                                                        "steps_from_proto": {
                                                            "total": 1.1917872999565589,
                                                            "count": 1142,
                                                            "is_parallel": true,
                                                            "self": 0.18635969993920298,
                                                            "children": {
                                                                "_process_rank_one_or_two_observation": {
                                                                    "total": 1.0054276000173559,
                                                                    "count": 9136,
                                                                    "is_parallel": true,
                                                                    "self": 1.0054276000173559
                                                                }
                                                            }
                                                        }
                                                    }
                                                }
                                            }
                                        }
                                    }
                                }
                            }
                        }
                    }
                },
                "TrainerController._save_models": {
                    "total": 0.191465199999584,
                    "count": 1,
                    "self": 0.0012862999992648838,
                    "children": {
                        "RLTrainer._checkpoint": {
                            "total": 0.19017890000031912,
                            "count": 1,
                            "self": 0.19017890000031912
                        }
                    }
                }
            }
        }
    }
}