{
    "name": "root",
    "gauges": {
        "HideAndSeekAgent.Policy.Entropy.mean": {
            "value": 3.2062618732452393,
            "min": 3.2024645805358887,
            "max": 3.210629463195801,
            "count": 284
        },
        "HideAndSeekAgent.Policy.Entropy.sum": {
            "value": 230.85086059570312,
            "min": 57.64851379394531,
            "max": 16497.9609375,
            "count": 284
        },
        "HideAndSeekAgent.Environment.SeekersMeanX.mean": {
            "value": 2.323512589931488,
            "min": -4.431119978427887,
            "max": 7.1568011034004515,
            "count": 291
        },
        "HideAndSeekAgent.Environment.SeekersMeanX.sum": {
            "value": 278.82151079177856,
            "min": -22855.49962948577,
            "max": 29800.91979455948,
            "count": 291
        },
        "HideAndSeekAgent.Environment.SeekersMeanZ.mean": {
            "value": 0.9802731648087502,
            "min": -3.4140254338582356,
            "max": 3.1669583871322056,
            "count": 291
        },
        "HideAndSeekAgent.Environment.SeekersMeanZ.sum": {
            "value": 117.63277977705002,
            "min": -10785.447907011643,
            "max": 21661.995367984287,
            "count": 291
        },
        "HideAndSeekAgent.Environment.HidersMeanX.mean": {
            "value": -4.047768143564463,
            "min": -6.8365434010823565,
            "max": 8.983203172683716,
            "count": 291
        },
        "HideAndSeekAgent.Environment.HidersMeanX.sum": {
            "value": -485.7321772277355,
            "min": -14112.4444245731,
            "max": 25107.83554022014,
            "count": 291
        },
        "HideAndSeekAgent.Environment.HidersMeanZ.mean": {
            "value": 5.367276771863302,
            "min": -8.994794535636903,
            "max": 10.958306376139323,
            "count": 291
        },
        "HideAndSeekAgent.Environment.HidersMeanZ.sum": {
            "value": 644.0732126235962,
            "min": -20726.066611111164,
            "max": 24122.044426441193,
            "count": 291
        },
        "HideAndSeekAgent.Environment.EpisodeLength.mean": {
            "value": 99.0,
            "min": 99.0,
            "max": 99.0,
            "count": 54
        },
        "HideAndSeekAgent.Environment.EpisodeLength.sum": {
            "value": 99.0,
            "min": 99.0,
            "max": 3564.0,
            "count": 54
        },
        "HideAndSeekAgent.Environment.TimeHidden.mean": {
            "value": 0.05222222146888574,
            "min": 0.0,
            "max": 0.47388888398806256,
            "count": 22
        },
        "HideAndSeekAgent.Environment.TimeHidden.sum": {
            "value": 0.31333332881331444,
            "min": 0.0,
            "max": 5.6866666078567505,
            "count": 22
        },
        "HideAndSeekAgent.Environment.HiderWinRatio.mean": {
            "value": 0.0,
            "min": 0.0,
            "max": 0.16666666666666666,
            "count": 22
        },
        "HideAndSeekAgent.Environment.HiderWinRatio.sum": {
            "value": 0.0,
            "min": 0.0,
            "max": 2.0,
            "count": 22
        },
        "HideAndSeekAgent.Step.mean": {
            "value": 50300.0,
            "min": 100.0,
            "max": 50300.0,
            "count": 503
        },
        "HideAndSeekAgent.Step.sum": {
            "value": 50300.0,
            "min": 100.0,
            "max": 50300.0,
            "count": 503
        },
        "HideAndSeekAgent.Policy.ExtrinsicValueEstimate.mean": {
            "value": 0.43783921003341675,
            "min": -0.9553535580635071,
            "max": 1.6068572998046875,
            "count": 503
        },
        "HideAndSeekAgent.Policy.ExtrinsicValueEstimate.sum": {
            "value": 0.43783921003341675,
            "min": -0.9553535580635071,
            "max": 1.6068572998046875,
            "count": 503
        },
        "HideAndSeekAgent.Environment.CumulativeReward.mean": {
            "value": 0.20799998939037323,
            "min": -1.2000000476837158,
            "max": 1.2000000476837158,
            "count": 503
        },
        "HideAndSeekAgent.Environment.CumulativeReward.sum": {
            "value": 0.20799998939037323,
            "min": -1.2000000476837158,
            "max": 1.2000000476837158,
            "count": 503
        },
        "HideAndSeekAgent.Policy.ExtrinsicReward.mean": {
            "value": 2.2079999446868896,
            "min": -3.200000047683716,
            "max": 3.200000047683716,
            "count": 503
        },
        "HideAndSeekAgent.Policy.ExtrinsicReward.sum": {
            "value": 2.2079999446868896,
            "min": -3.200000047683716,
            "max": 3.200000047683716,
            "count": 503
        },
        "HideAndSeekAgent.IsTraining.mean": {
            "value": 0.0,
            "min": 0.0,
            "max": 1.0,
            "count": 503
        },
        "HideAndSeekAgent.IsTraining.sum": {
            "value": 0.0,
            "min": 0.0,
            "max": 1.0,
            "count": 503
        },
        "HideAndSeekAgent.Losses.PolicyLoss.mean": {
            "value": 0.018535912261577324,
            "min": 0.01691289524314925,
            "max": 0.018535912261577324,
            "count": 2
        },
        "HideAndSeekAgent.Losses.PolicyLoss.sum": {
            "value": 0.018535912261577324,
            "min": 0.01691289524314925,
            "max": 0.018535912261577324,
            "count": 2
        },
        "HideAndSeekAgent.Losses.ValueLoss.mean": {
            "value": 0.18949161261320113,
            "min": 0.18949161261320113,
            "max": 0.261990138143301,
            "count": 2
        },
        "HideAndSeekAgent.Losses.ValueLoss.sum": {
            "value": 0.18949161261320113,
            "min": 0.18949161261320113,
            "max": 0.261990138143301,
            "count": 2
        },
        "HideAndSeekAgent.Policy.LearningRate.mean": {
            "value": 4.08000864e-05,
            "min": 4.08000864e-05,
            "max": 0.00017040004320000002,
            "count": 2
        },
        "HideAndSeekAgent.Policy.LearningRate.sum": {
            "value": 4.08000864e-05,
            "min": 4.08000864e-05,
            "max": 0.00017040004320000002,
            "count": 2
        },
        "HideAndSeekAgent.Policy.Epsilon.mean": {
            "value": 0.11359999999999999,
            "min": 0.11359999999999999,
            "max": 0.15680000000000005,
            "count": 2
        },
        "HideAndSeekAgent.Policy.Epsilon.sum": {
            "value": 0.11359999999999999,
            "min": 0.11359999999999999,
            "max": 0.15680000000000005,
            "count": 2
        },
        "HideAndSeekAgent.Policy.Beta.mean": {
            "value": 0.0006886400000000002,
            "min": 0.0006886400000000002,
            "max": 0.002844320000000001,
            "count": 2
        },
        "HideAndSeekAgent.Policy.Beta.sum": {
            "value": 0.0006886400000000002,
            "min": 0.0006886400000000002,
            "max": 0.002844320000000001,
            "count": 2
        }
    },
    "metadata": {
        "timer_format_version": "0.1.0",
        "start_time_seconds": "1762943772",
        "python_version": "3.10.8 | packaged by conda-forge | (main, Nov 24 2022, 14:07:00) [MSC v.1916 64 bit (AMD64)]",
        "command_line_arguments": "C:\\Users\\BBBS-AI-01\\.conda\\envs\\py10\\Scripts\\mlagents-learn config/ppo_trainer.yaml --run-id=run36",
        "mlagents_version": "0.30.0",
        "mlagents_envs_version": "0.30.0",
        "communication_protocol_version": "1.5.0",
        "pytorch_version": "2.6.0+cu124",
        "numpy_version": "1.23.5",
        "end_time_seconds": "1762943908"
    },
    "total": 136.29872810002416,
    "count": 1,
    "self": 0.026389300008304417,