{
    "name": "root",
    "metadata": {
        "timer_format_version": "0.1.0",
        "start_time_seconds": "1762775906",
        "python_version": "3.10.8 | packaged by conda-forge | (main, Nov 24 2022, 14:07:00) [MSC v.1916 64 bit (AMD64)]",
        "command_line_arguments": "C:\\Users\\BBBS-AI-01\\.conda\\envs\\py10\\Scripts\\mlagents-learn config/ppo_trainer.yaml --run-id=run17",
        "mlagents_version": "0.30.0",
        "mlagents_envs_version": "0.30.0",
        "communication_protocol_version": "1.5.0",
        "pytorch_version": "2.6.0+cu124",
        "numpy_version": "1.23.5",
        "end_time_seconds": "1762776050"
    },
    "total": 143.32424290000927,
    "count": 1,
    "self": 0.009184700029436499,
    "children": {
        "run_training.setup": {
            "total": 0.08545529999537393,
            "count": 1,
            "self": 0.08545529999537393
        },
        "TrainerController.start_learning": {
            "total": 143.22960289998446,
            "count": 1,
            "self": 0.0016010001418180764,
            "children": {
                "TrainerController._reset_env": {
                    "total": 14.521347100031562,
                    "count": 1,
                    "self": 14.521347100031562
                },
                "TrainerController.advance": {
                    "total": 127.71325209981296,
                    "count": 37,
                    "self": 0.0009684996912255883,
                    "children": {
                        "env_step": {
                            "total": 127.71228360012174,
                            "count": 37,
                            "self": 126.48504390014568,
                            "children": {
                                "SubprocessEnvManager._take_step": {
                                    "total": 1.2266563000157475,
                                    "count": 37,
                                    "self": 0.011982999974861741,
                                    "children": {
                                        "TorchPolicy.evaluate": {
                                            "total": 1.2146733000408858,
                                            "count": 74,
                                            "self": 1.2146733000408858
                                        }
                                    }
                                },
                                "workers": {
                                    "total": 0.0005833999603055418,
                                    "count": 36,
                                    "self": 0.0,
                                    "children": {
                                        "worker_root": {
                                            "total": 8.180545199953485,
                                            "count": 36,
                                            "is_parallel": true,
                                            "self": 6.256096499972045,
                                            "children": {
                                                "steps_from_proto": {
                                                    "total": 0.003687600023113191,
                                                    "count": 2,
                                                    "is_parallel": true,
                                                    "self": 0.000615500146523118,
                                                    "children": {
                                                        "_process_rank_one_or_two_observation": {
                                                            "total": 0.003072099876590073,
                                                            "count": 16,
                                                            "is_parallel": true,
                                                            "self": 0.003072099876590073
                                                        }
                                                    }
                                                },
                                                "UnityEnvironment.step": {
                                                    "total": 1.9207610999583267,
                                                    "count": 36,
                                                    "is_parallel": true,
                                                    "self": 0.07998970022890717,
                                                    "children": {
                                                        "UnityEnvironment._generate_step_input": {
                                                            "total": 0.024760599888395518,
                                                            "count": 36,
                                                            "is_parallel": true,
                                                            "self": 0.024760599888395518
                                                        },
                                                        "communicator.exchange": {
                                                            "total": 1.711750199960079,
                                                            "count": 36,
                                                            "is_parallel": true,
                                                            "self": 1.711750199960079
                                                        },
                                                        "steps_from_proto": {
                                                            "total": 0.10426059988094494,
                                                            "count": 72,
                                                            "is_parallel": true,
                                                            "self": 0.017642200749833137,
                                                            "children": {
                                                                "_process_rank_one_or_two_observation": {
                                                                    "total": 0.0866183991311118,
                                                                    "count": 576,
                                                                    "is_parallel": true,
                                                                    "self": 0.0866183991311118
                                                                }
                                                            }
                                                        }
                                                    }
                                                }
                                            }
                                        }
                                    }
                                }
                            }
                        }
                    }
                },
                "TrainerController._save_models": {
                    "total": 0.9934026999981143,
                    "count": 1,
                    "self": 0.001586299971677363,
                    "children": {
                        "RLTrainer._checkpoint": {
                            "total": 0.9918164000264369,
                            "count": 1,
                            "self": 0.9918164000264369
                        }
                    }
                }
            }
        }
    }
}