{
    "Seeker2": {
        "checkpoints": [
            {
                "steps": 112260,
                "file_path": "results\\run42\\Seeker2\\Seeker2-112260.onnx",
                "reward": 0.5539401310390073,
                "creation_time": 1763032040.0047922,
                "auxillary_file_paths": [
                    "results\\run42\\Seeker2\\Seeker2-112260.pt"
                ]
            }
        ],
        "elo": 1529.8618668672318,
        "final_checkpoint": {
            "steps": 112260,
            "file_path": "results\\run42\\Seeker2.onnx",
            "reward": 0.5539401310390073,
            "creation_time": 1763032040.0047922,
            "auxillary_file_paths": [
                "results\\run42\\Seeker2\\Seeker2-112260.pt"
            ]
        }
    },
    "Hider1": {
        "checkpoints": [
            {
                "steps": 105432,
                "file_path": "results\\run42\\Hider1\\Hider1-105432.onnx",
                "reward": -0.7155744714583171,
                "creation_time": 1763032040.3902388,
                "auxillary_file_paths": [
                    "results\\run42\\Hider1\\Hider1-105432.pt"
                ]
            }
        ],
        "elo": 891.1907219564013,
        "final_checkpoint": {
            "steps": 105432,
            "file_path": "results\\run42\\Hider1.onnx",
            "reward": -0.7155744714583171,
            "creation_time": 1763032040.3902388,
            "auxillary_file_paths": [
                "results\\run42\\Hider1\\Hider1-105432.pt"
            ]
        }
    },
    "Hider0": {
        "checkpoints": [
            {
                "steps": 112105,
                "file_path": "results\\run42\\Hider0\\Hider0-112105.onnx",
                "reward": -0.5768518684845831,
                "creation_time": 1763032040.7450788,
                "auxillary_file_paths": [
                    "results\\run42\\Hider0\\Hider0-112105.pt"
                ]
            }
        ],
        "elo": 1018.251528120602,
        "final_checkpoint": {
            "steps": 112105,
            "file_path": "results\\run42\\Hider0.onnx",
            "reward": -0.5768518684845831,
            "creation_time": 1763032040.7450788,
            "auxillary_file_paths": [
                "results\\run42\\Hider0\\Hider0-112105.pt"
            ]
        }
    },
    "Seeker0": {
        "checkpoints": [
            {
                "steps": 129669,
                "file_path": "results\\run42\\Seeker0\\Seeker0-129669.onnx",
                "reward": 0.5662674615971831,
                "creation_time": 1763032040.557319,
                "auxillary_file_paths": [
                    "results\\run42\\Seeker0\\Seeker0-129669.pt"
                ]
            }
        ],
        "elo": 1417.40804248162,
        "final_checkpoint": {
            "steps": 129669,
            "file_path": "results\\run42\\Seeker0.onnx",
            "reward": 0.5662674615971831,
            "creation_time": 1763032040.557319,
            "auxillary_file_paths": [
                "results\\run42\\Seeker0\\Seeker0-129669.pt"
            ]
        }
    },
    "Hider2": {
        "checkpoints": [
            {
                "steps": 100439,
                "file_path": "results\\run42\\Hider2\\Hider2-100439.onnx",
                "reward": -0.5734444529257922,
                "creation_time": 1763032040.185398,
                "auxillary_file_paths": [
                    "results\\run42\\Hider2\\Hider2-100439.pt"
                ]
            }
        ],
        "elo": 968.0336104603534,
        "final_checkpoint": {
            "steps": 100439,
            "file_path": "results\\run42\\Hider2.onnx",
            "reward": -0.5734444529257922,
            "creation_time": 1763032040.185398,
            "auxillary_file_paths": [
                "results\\run42\\Hider2\\Hider2-100439.pt"
            ]
        }
    },
    "Seeker1": {
        "checkpoints": [
            {
                "steps": 126204,
                "file_path": "results\\run42\\Seeker1\\Seeker1-126204.onnx",
                "reward": 0.5698158921230407,
                "creation_time": 1763032040.9201283,
                "auxillary_file_paths": [
                    "results\\run42\\Seeker1\\Seeker1-126204.pt"
                ]
            }
        ],
        "elo": 1416.3500548353534,
        "final_checkpoint": {
            "steps": 126204,
            "file_path": "results\\run42\\Seeker1.onnx",
            "reward": 0.5698158921230407,
            "creation_time": 1763032040.9201283,
            "auxillary_file_paths": [
                "results\\run42\\Seeker1\\Seeker1-126204.pt"
            ]
        }
    },
    "metadata": {
        "stats_format_version": "0.3.0",
        "mlagents_version": "0.30.0",
        "torch_version": "2.6.0+cu124"
    }
}